<?xml version="1.0" encoding="UTF-8"?>
<beans xmlns="http://www.springframework.org/schema/beans"
xmlns:xsi="http://www.w3.org/2001/XMLSchema-instance"
xsi:schemaLocation="http://www.springframework.org/schema/beans
http://www.springframework.org/schema/beans/spring-beans.xsd">

<bean id="sav_acc" class="bank.ing.Account">
<property name="Acc_no" value="123456"/>
<property name="bal" value="20000"/>
</bean>

<bean id="cur_acc" class="bank.ing.Account">
<property name="Acc_no" value="3456789"/>
<property name="bal" value="300000"/>
</bean>
<bean id="saving" class="bank.ing.Savings" autowire="byName">
</bean>
<bean id="current" class="bank.ing.Current" autowire="byName">
</bean>
</beans>